ID Objecttype;Objecttype;Afkorting;Alternatieve naamgeving;Beschrijving objecttype;Soort objecttype;Type geometrie;ID Attribuut;Attribuut;Alternatieve naamgeving (1);Beschrijving attribuut;Leveringsverplichting bestaand object;Leveringsverplichting nieuw object;Datatype;Constraint;ID Waardelijst;Waardelijst;ID Waardelijstitem;Waardelijstitem;Beschrijving waardelijstitem
8a3c6f8c-dfd0-ef11-b6c3-001dd8d70296;Additief;;Toevoeging, Toeslagstof;Bouwstof met een sterke invloed op één of meer eigenschappen van een mengsel. (Bron: PIM);Fysieke asset;Geen geometrie;051fb6c3-f2f8-ef11-b6c4-001dd8d70296;Aandeel bouwstof;Materie-aandeel;De gerealiseerde verhouding van het bouwstof ten opzichte van de totale massa van het asfaltmengsel. (Bron: Provincie Zuid-Holland);;;Numeriek;Percentage;;;;;
8a3c6f8c-dfd0-ef11-b6c3-001dd8d70296;Additief;;Toevoeging, Toeslagstof;Bouwstof met een sterke invloed op één of meer eigenschappen van een mengsel. (Bron: PIM);Fysieke asset;Geen geometrie;4b826b77-2cf9-ef11-b6c4-001dd8d70296;Aandeel bouwstof (eis);;De vereiste verhouding van het bouwstof ten opzichte van de totale massa van het asfaltmengsel. (Bron: Provincie Zuid-Holland);;;Numeriek;Percentage;;;;;
8a3c6f8c-dfd0-ef11-b6c3-001dd8d70296;Additief;;Toevoeging, Toeslagstof;Bouwstof met een sterke invloed op één of meer eigenschappen van een mengsel. (Bron: PIM);Fysieke asset;Geen geometrie;1a4612b6-8dd1-ef11-b6c3-001dd8d70296;Documentlink (productblad);;;Vereist;Verplicht;;;;;;;
8a3c6f8c-dfd0-ef11-b6c3-001dd8d70296;Additief;;Toevoeging, Toeslagstof;Bouwstof met een sterke invloed op één of meer eigenschappen van een mengsel. (Bron: PIM);Fysieke asset;Geen geometrie;d0809565-0564-ed11-b698-001dd8d70296;Identificatie;Opleverdossier ID, oplever-ID;Uniek identificatienummer binnen het opleverdossier. Dit mag een eigen (opdrachtnemer) ID zijn. Wanneer geen eigen ID bekend is kan ook de PZH ID structuur gebruikt worden.;;;Gestructureerd;Elk object krijgt een eigen ID binnen het opleverdossier. Dit is een eigen gegenereerd ID of opgebouwd uit één of meerdere letters (conform de voorgeschreven afkorting van het objecttype) en een getal, beginnend bij 0001.;;;;;
8a3c6f8c-dfd0-ef11-b6c3-001dd8d70296;Additief;;Toevoeging, Toeslagstof;Bouwstof met een sterke invloed op één of meer eigenschappen van een mengsel. (Bron: PIM);Fysieke asset;Geen geometrie;ab127f0b-3202-ef11-b6b2-001dd8d70299;Leverancier;;;Vereist;Verplicht;Vrij veld;;;;;;
8a3c6f8c-dfd0-ef11-b6c3-001dd8d70296;Additief;;Toevoeging, Toeslagstof;Bouwstof met een sterke invloed op één of meer eigenschappen van een mengsel. (Bron: PIM);Fysieke asset;Geen geometrie;f0ed9774-c811-ef11-b6b3-001dd8d70299;Productnaam;Model, Merk, Handelsnaam, Fabricaat;Type-aanduiding van de fabrikant of leverancier. (Bron: Afgeleid uit GWSW);Vereist;Verplicht;Vrij veld;;;;;;
8a3c6f8c-dfd0-ef11-b6c3-001dd8d70296;Additief;;Toevoeging, Toeslagstof;Bouwstof met een sterke invloed op één of meer eigenschappen van een mengsel. (Bron: PIM);Fysieke asset;Geen geometrie;197b00a4-8dd1-ef11-b6c3-001dd8d70296;Type additief;;;Vereist;Verplicht;Waardelijst;;c8c194b3-a9d4-ef11-b6c3-001dd8d70296;TypeAdditief;f9cab9cd-aad4-ef11-b6c3-001dd8d70296;Afdruipremmer;Een additief dat het afdruipen van bitumen of mastiek voorkomt. (Bron: RAW)
8a3c6f8c-dfd0-ef11-b6c3-001dd8d70296;Additief;;Toevoeging, Toeslagstof;Bouwstof met een sterke invloed op één of meer eigenschappen van een mengsel. (Bron: PIM);Fysieke asset;Geen geometrie;197b00a4-8dd1-ef11-b6c3-001dd8d70296;Type additief;;;Vereist;Verplicht;Waardelijst;;c8c194b3-a9d4-ef11-b6c3-001dd8d70296;TypeAdditief;b6afbddf-a9d4-ef11-b6c3-001dd8d70296;Hechtverbeteraar;Een additief dat aan bitumen wordt toegevoegd om de hechting tussen bitumen en minerale aggregaten (zoals steenslag) te verbeteren. (Bron: Provincie Zuid-Holland)
8a3c6f8c-dfd0-ef11-b6c3-001dd8d70296;Additief;;Toevoeging, Toeslagstof;Bouwstof met een sterke invloed op één of meer eigenschappen van een mengsel. (Bron: PIM);Fysieke asset;Geen geometrie;197b00a4-8dd1-ef11-b6c3-001dd8d70296;Type additief;;;Vereist;Verplicht;Waardelijst;;c8c194b3-a9d4-ef11-b6c3-001dd8d70296;TypeAdditief;550a94e1-eef8-ef11-b6c4-001dd8d70296;Oppervlaktespanningverlager;Een additief dat de bevochtiging en hechting van bitumen aan aggregaten verbetert, wat de verwerkbaarheid en verdichting verbeterd (Bron: Provincie Zuid-Holland)
8a3c6f8c-dfd0-ef11-b6c3-001dd8d70296;Additief;;Toevoeging, Toeslagstof;Bouwstof met een sterke invloed op één of meer eigenschappen van een mengsel. (Bron: PIM);Fysieke asset;Geen geometrie;197b00a4-8dd1-ef11-b6c3-001dd8d70296;Type additief;;;Vereist;Verplicht;Waardelijst;;c8c194b3-a9d4-ef11-b6c3-001dd8d70296;TypeAdditief;0241b09f-abd4-ef11-b6c3-001dd8d70296;Pigment in korrelvorm;
8a3c6f8c-dfd0-ef11-b6c3-001dd8d70296;Additief;;Toevoeging, Toeslagstof;Bouwstof met een sterke invloed op één of meer eigenschappen van een mengsel. (Bron: PIM);Fysieke asset;Geen geometrie;197b00a4-8dd1-ef11-b6c3-001dd8d70296;Type additief;;;Vereist;Verplicht;Waardelijst;;c8c194b3-a9d4-ef11-b6c3-001dd8d70296;TypeAdditief;dd7ccb28-08f5-ef11-b6c4-001dd8d70296;Pigment in poedervorm;
8a3c6f8c-dfd0-ef11-b6c3-001dd8d70296;Additief;;Toevoeging, Toeslagstof;Bouwstof met een sterke invloed op één of meer eigenschappen van een mengsel. (Bron: PIM);Fysieke asset;Geen geometrie;197b00a4-8dd1-ef11-b6c3-001dd8d70296;Type additief;;;Vereist;Verplicht;Waardelijst;;c8c194b3-a9d4-ef11-b6c3-001dd8d70296;TypeAdditief;02c0c77b-aad4-ef11-b6c3-001dd8d70296;Verjongingsmiddel;Een additief dat wordt toegevoegd aan verouderd of gerecycled bitumen om de oorspronkelijke eigenschappen te herstellen en het opnieuw geschikt te maken voor gebruik in asfaltmengsels. (Bron: Provincie Zuid-Holland)
8a3c6f8c-dfd0-ef11-b6c3-001dd8d70296;Additief;;Toevoeging, Toeslagstof;Bouwstof met een sterke invloed op één of meer eigenschappen van een mengsel. (Bron: PIM);Fysieke asset;Geen geometrie;197b00a4-8dd1-ef11-b6c3-001dd8d70296;Type additief;;;Vereist;Verplicht;Waardelijst;;c8c194b3-a9d4-ef11-b6c3-001dd8d70296;TypeAdditief;821bfa21-abd4-ef11-b6c3-001dd8d70296;Vezel;Een additief dat wordt toegevoegd aan asfaltmengsels om de structuur en prestaties te versterken te verbeteren. (Bron: Provincie Zuid-Holland)
8a3c6f8c-dfd0-ef11-b6c3-001dd8d70296;Additief;;Toevoeging, Toeslagstof;Bouwstof met een sterke invloed op één of meer eigenschappen van een mengsel. (Bron: PIM);Fysieke asset;Geen geometrie;197b00a4-8dd1-ef11-b6c3-001dd8d70296;Type additief;;;Vereist;Verplicht;Waardelijst;;c8c194b3-a9d4-ef11-b6c3-001dd8d70296;TypeAdditief;598100f2-aad4-ef11-b6c3-001dd8d70296;Viscositeitverlager;Een additief dat aan bitumen wordt toegevoegd om de viscositeit te verlagen, waardoor het bitumen (dunner en) gemakkelijker te verwerken wordt. (Bron: Provincie Zuid-Holland)
8a3c6f8c-dfd0-ef11-b6c3-001dd8d70296;Additief;;Toevoeging, Toeslagstof;Bouwstof met een sterke invloed op één of meer eigenschappen van een mengsel. (Bron: PIM);Fysieke asset;Geen geometrie;197b00a4-8dd1-ef11-b6c3-001dd8d70296;Type additief;;;Vereist;Verplicht;Waardelijst;;c8c194b3-a9d4-ef11-b6c3-001dd8d70296;TypeAdditief;af23fa09-abd4-ef11-b6c3-001dd8d70296;Wax;Een additief dat wordt toegevoegd om de verwerkbaarheid en prestaties van bitumen te verbeteren, vooral bij lagere en hogere temperaturen. (Bron: Provincie Zuid-Holland)
8448137f-45a7-ef11-b6c0-001dd8d70296;Asfaltmengsel;;;Heterogeen mengsel bestaande uit mineraal aggregaat (zoals steenslag, zand en vulstof) en bitumen. (Bron: Afgeleid uit IMBOR);Fysieke asset;Geen geometrie;d7f9148d-23d3-ef11-b6c3-001dd8d70296;Begin geldigheid (typeonderzoek);Begin geldigheid (typetest);Start van de periode waarop deze versie van het document geldig is in de werkelijkheid. (Bron: IMBOR);Vereist;Verplicht;Datum;;;;;;
8448137f-45a7-ef11-b6c0-001dd8d70296;Asfaltmengsel;;;Heterogeen mengsel bestaande uit mineraal aggregaat (zoals steenslag, zand en vulstof) en bitumen. (Bron: Afgeleid uit IMBOR);Fysieke asset;Geen geometrie;ab57a824-2bf9-ef11-b6c4-001dd8d70296;Bindmiddelgehalte (eis);;De verhouding van het bindmiddel (zoals bitumen) ten opzichte van de totale massa van het asfaltmengsel. (Bron: Provincie Zuid-Holland);;;Numeriek;Percentage;;;;;
8448137f-45a7-ef11-b6c0-001dd8d70296;Asfaltmengsel;;;Heterogeen mengsel bestaande uit mineraal aggregaat (zoals steenslag, zand en vulstof) en bitumen. (Bron: Afgeleid uit IMBOR);Fysieke asset;Geen geometrie;fb051693-ced0-ef11-b6c3-001dd8d70296;Dichtheid (eis);Streefdichtheid, Gewenste dichtheid;De vereiste dichtheid voor het proefstuk van een asfaltlaag die dient te worden aangebracht. (Bron: Afgeleid uit PIM);Vereist;Verplicht;;kg/m3;;;;;
8448137f-45a7-ef11-b6c0-001dd8d70296;Asfaltmengsel;;;Heterogeen mengsel bestaande uit mineraal aggregaat (zoals steenslag, zand en vulstof) en bitumen. (Bron: Afgeleid uit IMBOR);Fysieke asset;Geen geometrie;9ce018e9-3ed3-ef11-b6c3-001dd8d70296;Documentlink (asfaltmolen uitdraai);;;Vereist;Verplicht;;;;;;;
8448137f-45a7-ef11-b6c0-001dd8d70296;Asfaltmengsel;;;Heterogeen mengsel bestaande uit mineraal aggregaat (zoals steenslag, zand en vulstof) en bitumen. (Bron: Afgeleid uit IMBOR);Fysieke asset;Geen geometrie;9bc6dbb6-21d1-ef11-b6c3-001dd8d70296;Documentlink (keuringscertificaat);;;Vereist;Verplicht;;;;;;;
8448137f-45a7-ef11-b6c0-001dd8d70296;Asfaltmengsel;;;Heterogeen mengsel bestaande uit mineraal aggregaat (zoals steenslag, zand en vulstof) en bitumen. (Bron: Afgeleid uit IMBOR);Fysieke asset;Geen geometrie;3261e6a3-ced0-ef11-b6c3-001dd8d70296;Documentlink (opleverdossier);;;Vereist;Verplicht;;;;;;;
8448137f-45a7-ef11-b6c0-001dd8d70296;Asfaltmengsel;;;Heterogeen mengsel bestaande uit mineraal aggregaat (zoals steenslag, zand en vulstof) en bitumen. (Bron: Afgeleid uit IMBOR);Fysieke asset;Geen geometrie;cd6eaefd-22d3-ef11-b6c3-001dd8d70296;Documentlink (typeonderzoek mengsel);Documentlink (typetest mengsel);;Vereist;Verplicht;;;;;;;
8448137f-45a7-ef11-b6c0-001dd8d70296;Asfaltmengsel;;;Heterogeen mengsel bestaande uit mineraal aggregaat (zoals steenslag, zand en vulstof) en bitumen. (Bron: Afgeleid uit IMBOR);Fysieke asset;Geen geometrie;510fbada-23d3-ef11-b6c3-001dd8d70296;Eind geldigheid (typeonderzoek);Eind geldigheid (typetest);Eind van de periode waarop deze versie van het document geldig is in de werkelijkheid. (Bron: IMBOR);Vereist;Verplicht;Datum;;;;;;
8448137f-45a7-ef11-b6c0-001dd8d70296;Asfaltmengsel;;;Heterogeen mengsel bestaande uit mineraal aggregaat (zoals steenslag, zand en vulstof) en bitumen. (Bron: Afgeleid uit IMBOR);Fysieke asset;Geen geometrie;2301aa71-f0f8-ef11-b6c4-001dd8d70296;Geluidsreducerend;;Registratie of een object een geluidsreducerend effect heeft. (Bron: IMBOR);;;;;0a7cbdaa-f0f8-ef11-b6c4-001dd8d70296;Geluidsreducerend;10909bc4-f0f8-ef11-b6c4-001dd8d70296;Akoestisch geoptimaliseerd;
8448137f-45a7-ef11-b6c0-001dd8d70296;Asfaltmengsel;;;Heterogeen mengsel bestaande uit mineraal aggregaat (zoals steenslag, zand en vulstof) en bitumen. (Bron: Afgeleid uit IMBOR);Fysieke asset;Geen geometrie;2301aa71-f0f8-ef11-b6c4-001dd8d70296;Geluidsreducerend;;Registratie of een object een geluidsreducerend effect heeft. (Bron: IMBOR);;;;;0a7cbdaa-f0f8-ef11-b6c4-001dd8d70296;Geluidsreducerend;719d29cb-f0f8-ef11-b6c4-001dd8d70296;DGD Type A;
8448137f-45a7-ef11-b6c0-001dd8d70296;Asfaltmengsel;;;Heterogeen mengsel bestaande uit mineraal aggregaat (zoals steenslag, zand en vulstof) en bitumen. (Bron: Afgeleid uit IMBOR);Fysieke asset;Geen geometrie;2301aa71-f0f8-ef11-b6c4-001dd8d70296;Geluidsreducerend;;Registratie of een object een geluidsreducerend effect heeft. (Bron: IMBOR);;;;;0a7cbdaa-f0f8-ef11-b6c4-001dd8d70296;Geluidsreducerend;6d39200f-f1f8-ef11-b6c4-001dd8d70296;DGD Type B;
8448137f-45a7-ef11-b6c0-001dd8d70296;Asfaltmengsel;;;Heterogeen mengsel bestaande uit mineraal aggregaat (zoals steenslag, zand en vulstof) en bitumen. (Bron: Afgeleid uit IMBOR);Fysieke asset;Geen geometrie;2301aa71-f0f8-ef11-b6c4-001dd8d70296;Geluidsreducerend;;Registratie of een object een geluidsreducerend effect heeft. (Bron: IMBOR);;;;;0a7cbdaa-f0f8-ef11-b6c4-001dd8d70296;Geluidsreducerend;b065a8b8-f0f8-ef11-b6c4-001dd8d70296;Niet geluidsreducerend;
8448137f-45a7-ef11-b6c0-001dd8d70296;Asfaltmengsel;;;Heterogeen mengsel bestaande uit mineraal aggregaat (zoals steenslag, zand en vulstof) en bitumen. (Bron: Afgeleid uit IMBOR);Fysieke asset;Geen geometrie;c227c775-ced0-ef11-b6c3-001dd8d70296;Gemiddelde holle ruimte;Holle ruimte (gemiddeld);De gemeten percentage van het volume in een asfaltmengsel dat niet wordt ingenomen door de aggregaten. (Bron: Provincie Zuid-Holland);Vereist;Verplicht;;Percentage;;;;;
8448137f-45a7-ef11-b6c0-001dd8d70296;Asfaltmengsel;;;Heterogeen mengsel bestaande uit mineraal aggregaat (zoals steenslag, zand en vulstof) en bitumen. (Bron: Afgeleid uit IMBOR);Fysieke asset;Geen geometrie;470c5f5e-ced0-ef11-b6c3-001dd8d70296;Gemiddelde laagdikte;Laagdikte (gemiddeld), Gemiddelde aangebrachte laagdikte;De gemiddelde dikte van de asfaltlaag die is aangebracht. (Bron: Provincie Zuid-Holland);Vereist;Verplicht;;mm;;;;;
8448137f-45a7-ef11-b6c0-001dd8d70296;Asfaltmengsel;;;Heterogeen mengsel bestaande uit mineraal aggregaat (zoals steenslag, zand en vulstof) en bitumen. (Bron: Afgeleid uit IMBOR);Fysieke asset;Geen geometrie;a0119b89-cfd0-ef11-b6c3-001dd8d70296;Gemiddelde verdichtingsgraad;;De relatieve dichtheid ten opzichte van de streefdichtheid van een monsterlaag uit een uitvoeringseenheid. (Bron: PIM);Vereist;Verplicht;;Percentage;;;;;
8448137f-45a7-ef11-b6c0-001dd8d70296;Asfaltmengsel;;;Heterogeen mengsel bestaande uit mineraal aggregaat (zoals steenslag, zand en vulstof) en bitumen. (Bron: Afgeleid uit IMBOR);Fysieke asset;Geen geometrie;24cc1c91-21d1-ef11-b6c3-001dd8d70296;Herkomst RAP;;Aanduiding van het type van het hergebruikte asfaltmateriaal. (Bron: Provincie Zuid-Holland);Vereist;Verplicht;;;396e5006-b7d4-ef11-b6c3-001dd8d70296;HerkomstRAP;e38c4518-b7d4-ef11-b6c3-001dd8d70296;Asfaltgranulaat;(Een verzamelnaam voor) hergebruikt asfalt dat wordt verwerkt in nieuwe asfaltmengsels. (Bron: Provincie Zuid-Holland)
8448137f-45a7-ef11-b6c0-001dd8d70296;Asfaltmengsel;;;Heterogeen mengsel bestaande uit mineraal aggregaat (zoals steenslag, zand en vulstof) en bitumen. (Bron: Afgeleid uit IMBOR);Fysieke asset;Geen geometrie;24cc1c91-21d1-ef11-b6c3-001dd8d70296;Herkomst RAP;;Aanduiding van het type van het hergebruikte asfaltmateriaal. (Bron: Provincie Zuid-Holland);Vereist;Verplicht;;;396e5006-b7d4-ef11-b6c3-001dd8d70296;HerkomstRAP;36453119-b3ee-ef11-b6c4-001dd8d70296;ECO-steen;Thermisch gereinigde steenslag die is teruggewonnen uit asfalt. (Bron: Provincie Zuid-Holland)
8448137f-45a7-ef11-b6c0-001dd8d70296;Asfaltmengsel;;;Heterogeen mengsel bestaande uit mineraal aggregaat (zoals steenslag, zand en vulstof) en bitumen. (Bron: Afgeleid uit IMBOR);Fysieke asset;Geen geometrie;24cc1c91-21d1-ef11-b6c3-001dd8d70296;Herkomst RAP;;Aanduiding van het type van het hergebruikte asfaltmateriaal. (Bron: Provincie Zuid-Holland);Vereist;Verplicht;;;396e5006-b7d4-ef11-b6c3-001dd8d70296;HerkomstRAP;e6172e1f-b3ee-ef11-b6c4-001dd8d70296;PA-stone;Teruggewonnen steenslag uit een ZOAB-deklaag, volledig ontdaan van bitumen en gecertificeerd als volwaardige, nieuwe (primaire) steenslag. (Bron: Provincie Zuid-Holland)
8448137f-45a7-ef11-b6c0-001dd8d70296;Asfaltmengsel;;;Heterogeen mengsel bestaande uit mineraal aggregaat (zoals steenslag, zand en vulstof) en bitumen. (Bron: Afgeleid uit IMBOR);Fysieke asset;Geen geometrie;b427c775-ced0-ef11-b6c3-001dd8d70296;Holle ruimte Vmax (eis);Gewenste holle ruimte;Het maximale percentage (bovengrens) van het volume in een asfaltmengsel dat niet wordt ingenomen door de aggregaten. (Bron: Provincie Zuid-Holland);Vereist;Verplicht;;Percentage;;;;;
8448137f-45a7-ef11-b6c0-001dd8d70296;Asfaltmengsel;;;Heterogeen mengsel bestaande uit mineraal aggregaat (zoals steenslag, zand en vulstof) en bitumen. (Bron: Afgeleid uit IMBOR);Fysieke asset;Geen geometrie;a48afa6d-ced0-ef11-b6c3-001dd8d70296;Holle ruimte Vmin (eis);;Het minimale percentage (ondergrens) van het volume in een asfaltmengsel dat niet wordt ingenomen door de aggregaten. (Bron: Provincie Zuid-Holland);Vereist;Verplicht;;Percentage;;;;;
8448137f-45a7-ef11-b6c0-001dd8d70296;Asfaltmengsel;;;Heterogeen mengsel bestaande uit mineraal aggregaat (zoals steenslag, zand en vulstof) en bitumen. (Bron: Afgeleid uit IMBOR);Fysieke asset;Geen geometrie;d0809565-0564-ed11-b698-001dd8d70296;Identificatie;Opleverdossier ID, oplever-ID;Uniek identificatienummer binnen het opleverdossier. Dit mag een eigen (opdrachtnemer) ID zijn. Wanneer geen eigen ID bekend is kan ook de PZH ID structuur gebruikt worden.;;;Gestructureerd;Elk object krijgt een eigen ID binnen het opleverdossier. Dit is een eigen gegenereerd ID of opgebouwd uit één of meerdere letters (conform de voorgeschreven afkorting van het objecttype) en een getal, beginnend bij 0001.;;;;;
8448137f-45a7-ef11-b6c0-001dd8d70296;Asfaltmengsel;;;Heterogeen mengsel bestaande uit mineraal aggregaat (zoals steenslag, zand en vulstof) en bitumen. (Bron: Afgeleid uit IMBOR);Fysieke asset;Geen geometrie;10d7859d-21d1-ef11-b6c3-001dd8d70296;Keuringscertificaatnummer;Keuringscertificaat code;Nummer van het certificaat die bij het objecttype hoort. (Bron: IMBOR);Vereist;Verplicht;;;;;;;
8448137f-45a7-ef11-b6c0-001dd8d70296;Asfaltmengsel;;;Heterogeen mengsel bestaande uit mineraal aggregaat (zoals steenslag, zand en vulstof) en bitumen. (Bron: Afgeleid uit IMBOR);Fysieke asset;Geen geometrie;852f9054-ced0-ef11-b6c3-001dd8d70296;Laagdikte (eis);Gewenste laagdikte;De vereiste dikte van een asfaltlaag die dient te worden aangebracht. (Bron: Provincie Zuid-Holland);;;;mm;;;;;
8448137f-45a7-ef11-b6c0-001dd8d70296;Asfaltmengsel;;;Heterogeen mengsel bestaande uit mineraal aggregaat (zoals steenslag, zand en vulstof) en bitumen. (Bron: Afgeleid uit IMBOR);Fysieke asset;Geen geometrie;1fa32458-24d3-ef11-b6c3-001dd8d70296;Mengselcode;;Unieke code voor de aanduiding van een asfaltmengsel (PIM).;Vereist;Verplicht;;;;;;;
8448137f-45a7-ef11-b6c0-001dd8d70296;Asfaltmengsel;;;Heterogeen mengsel bestaande uit mineraal aggregaat (zoals steenslag, zand en vulstof) en bitumen. (Bron: Afgeleid uit IMBOR);Fysieke asset;Geen geometrie;dbf67cce-3ed3-ef11-b6c3-001dd8d70296;Naam asfaltmolen;;;Vereist;Verplicht;;;;;;;
8448137f-45a7-ef11-b6c0-001dd8d70296;Asfaltmengsel;;;Heterogeen mengsel bestaande uit mineraal aggregaat (zoals steenslag, zand en vulstof) en bitumen. (Bron: Afgeleid uit IMBOR);Fysieke asset;Geen geometrie;dfc58180-3ed3-ef11-b6c3-001dd8d70296;Productietemperatuur asfaltcentrale;"Gemiddelde productietemperatuur asfaltmengsel
Daadwerkelijke productietemperatuur asfaltcentrale (PIM)";;Vereist;Verplicht;;℃;;;;;
8448137f-45a7-ef11-b6c0-001dd8d70296;Asfaltmengsel;;;Heterogeen mengsel bestaande uit mineraal aggregaat (zoals steenslag, zand en vulstof) en bitumen. (Bron: Afgeleid uit IMBOR);Fysieke asset;Geen geometrie;f0ed9774-c811-ef11-b6b3-001dd8d70299;Productnaam;Model, Merk, Handelsnaam, Fabricaat;Type-aanduiding van de fabrikant of leverancier. (Bron: Afgeleid uit GWSW);Vereist;Verplicht;Vrij veld;;;;;;
8448137f-45a7-ef11-b6c0-001dd8d70296;Asfaltmengsel;;;Heterogeen mengsel bestaande uit mineraal aggregaat (zoals steenslag, zand en vulstof) en bitumen. (Bron: Afgeleid uit IMBOR);Fysieke asset;Geen geometrie;3049d303-20d3-ef11-b6c3-001dd8d70296;RAP gehalte;Percentage RAP;Het aandeel hergebruikt asfalt (Reclaimed Asphalt Pavement) in een asfaltmengsel. (Bron: Provincie Zuid-Holland);Vereist;Verplicht;;Percentage;;;;;
8448137f-45a7-ef11-b6c0-001dd8d70296;Asfaltmengsel;;;Heterogeen mengsel bestaande uit mineraal aggregaat (zoals steenslag, zand en vulstof) en bitumen. (Bron: Afgeleid uit IMBOR);Fysieke asset;Geen geometrie;a60d3270-20d3-ef11-b6c3-001dd8d70296;Steenslagklasse;steenklasse;Classificatie op basis van technische kenmerken (o.a. slijtvast);Vereist;Verplicht;Waardelijst;;acaf83c1-98ee-ef11-b6c4-001dd8d70296;Steenslagklasse;c21473d3-98ee-ef11-b6c4-001dd8d70296;Steenklasse 2;
8448137f-45a7-ef11-b6c0-001dd8d70296;Asfaltmengsel;;;Heterogeen mengsel bestaande uit mineraal aggregaat (zoals steenslag, zand en vulstof) en bitumen. (Bron: Afgeleid uit IMBOR);Fysieke asset;Geen geometrie;a60d3270-20d3-ef11-b6c3-001dd8d70296;Steenslagklasse;steenklasse;Classificatie op basis van technische kenmerken (o.a. slijtvast);Vereist;Verplicht;Waardelijst;;acaf83c1-98ee-ef11-b6c4-001dd8d70296;Steenslagklasse;fdd380eb-98ee-ef11-b6c4-001dd8d70296;Steenklasse 3;
8448137f-45a7-ef11-b6c0-001dd8d70296;Asfaltmengsel;;;Heterogeen mengsel bestaande uit mineraal aggregaat (zoals steenslag, zand en vulstof) en bitumen. (Bron: Afgeleid uit IMBOR);Fysieke asset;Geen geometrie;73ff6bf2-24d3-ef11-b6c3-001dd8d70296;Type asfaltmengsel;Europese naamgeving;Soortnaam dat Europees is bepaald op basis van een set kenmerken. (Bron: Provincie Zuid-Holland);Vereist;Verplicht;Waardelijst;;56376dfd-98ee-ef11-b6c4-001dd8d70296;TypeAsfaltmengsel;90fc540f-99ee-ef11-b6c4-001dd8d70296;AC 11 Surf;Asfaltbeton toplaagmengsel met een nominale maximale korrelgrootte van 11 mm. (Bron: Provincie Zuid-Holland)
8448137f-45a7-ef11-b6c0-001dd8d70296;Asfaltmengsel;;;Heterogeen mengsel bestaande uit mineraal aggregaat (zoals steenslag, zand en vulstof) en bitumen. (Bron: Afgeleid uit IMBOR);Fysieke asset;Geen geometrie;73ff6bf2-24d3-ef11-b6c3-001dd8d70296;Type asfaltmengsel;Europese naamgeving;Soortnaam dat Europees is bepaald op basis van een set kenmerken. (Bron: Provincie Zuid-Holland);Vereist;Verplicht;Waardelijst;;56376dfd-98ee-ef11-b6c4-001dd8d70296;TypeAsfaltmengsel;564323b3-05f9-ef11-b6c4-001dd8d70296;AC 16 Base;Asfaltbeton onderlaagmengsel met een nominale maximale korrelgrootte van 16 mm. (Bron: Provincie Zuid-Holland)
8448137f-45a7-ef11-b6c0-001dd8d70296;Asfaltmengsel;;;Heterogeen mengsel bestaande uit mineraal aggregaat (zoals steenslag, zand en vulstof) en bitumen. (Bron: Afgeleid uit IMBOR);Fysieke asset;Geen geometrie;73ff6bf2-24d3-ef11-b6c3-001dd8d70296;Type asfaltmengsel;Europese naamgeving;Soortnaam dat Europees is bepaald op basis van een set kenmerken. (Bron: Provincie Zuid-Holland);Vereist;Verplicht;Waardelijst;;56376dfd-98ee-ef11-b6c4-001dd8d70296;TypeAsfaltmengsel;f1fb540f-99ee-ef11-b6c4-001dd8d70296;AC 16 Bind;Asfaltbeton tussenlaagmengsel met een nominale maximale korrelgrootte van 16 mm. (Bron: Provincie Zuid-Holland)
8448137f-45a7-ef11-b6c0-001dd8d70296;Asfaltmengsel;;;Heterogeen mengsel bestaande uit mineraal aggregaat (zoals steenslag, zand en vulstof) en bitumen. (Bron: Afgeleid uit IMBOR);Fysieke asset;Geen geometrie;73ff6bf2-24d3-ef11-b6c3-001dd8d70296;Type asfaltmengsel;Europese naamgeving;Soortnaam dat Europees is bepaald op basis van een set kenmerken. (Bron: Provincie Zuid-Holland);Vereist;Verplicht;Waardelijst;;56376dfd-98ee-ef11-b6c4-001dd8d70296;TypeAsfaltmengsel;b3df5d09-99ee-ef11-b6c4-001dd8d70296;AC 16 Surf;Asfaltbeton toplaagmengsel met een nominale maximale korrelgrootte van 16 mm. (Bron: Provincie Zuid-Holland)
8448137f-45a7-ef11-b6c0-001dd8d70296;Asfaltmengsel;;;Heterogeen mengsel bestaande uit mineraal aggregaat (zoals steenslag, zand en vulstof) en bitumen. (Bron: Afgeleid uit IMBOR);Fysieke asset;Geen geometrie;73ff6bf2-24d3-ef11-b6c3-001dd8d70296;Type asfaltmengsel;Europese naamgeving;Soortnaam dat Europees is bepaald op basis van een set kenmerken. (Bron: Provincie Zuid-Holland);Vereist;Verplicht;Waardelijst;;56376dfd-98ee-ef11-b6c4-001dd8d70296;TypeAsfaltmengsel;af7d25c5-05f9-ef11-b6c4-001dd8d70296;AC 22 Base;Asfaltbeton onderlaagmengsel met een nominale maximale korrelgrootte van 22 mm. (Bron: Provincie Zuid-Holland)
8448137f-45a7-ef11-b6c0-001dd8d70296;Asfaltmengsel;;;Heterogeen mengsel bestaande uit mineraal aggregaat (zoals steenslag, zand en vulstof) en bitumen. (Bron: Afgeleid uit IMBOR);Fysieke asset;Geen geometrie;73ff6bf2-24d3-ef11-b6c3-001dd8d70296;Type asfaltmengsel;Europese naamgeving;Soortnaam dat Europees is bepaald op basis van een set kenmerken. (Bron: Provincie Zuid-Holland);Vereist;Verplicht;Waardelijst;;56376dfd-98ee-ef11-b6c4-001dd8d70296;TypeAsfaltmengsel;fade5d09-99ee-ef11-b6c4-001dd8d70296;AC 22 Bind;Asfaltbeton tussenlaagmengsel met een nominale maximale korrelgrootte van 22 mm. (Bron: Provincie Zuid-Holland)
8448137f-45a7-ef11-b6c0-001dd8d70296;Asfaltmengsel;;;Heterogeen mengsel bestaande uit mineraal aggregaat (zoals steenslag, zand en vulstof) en bitumen. (Bron: Afgeleid uit IMBOR);Fysieke asset;Geen geometrie;73ff6bf2-24d3-ef11-b6c3-001dd8d70296;Type asfaltmengsel;Europese naamgeving;Soortnaam dat Europees is bepaald op basis van een set kenmerken. (Bron: Provincie Zuid-Holland);Vereist;Verplicht;Waardelijst;;56376dfd-98ee-ef11-b6c4-001dd8d70296;TypeAsfaltmengsel;53de5d09-99ee-ef11-b6c4-001dd8d70296;AC 8 Surf;Asfaltbeton toplaagmengsel met een nominale maximale korrelgrootte van 8 mm. (Bron: Provincie Zuid-Holland)
8448137f-45a7-ef11-b6c0-001dd8d70296;Asfaltmengsel;;;Heterogeen mengsel bestaande uit mineraal aggregaat (zoals steenslag, zand en vulstof) en bitumen. (Bron: Afgeleid uit IMBOR);Fysieke asset;Geen geometrie;73ff6bf2-24d3-ef11-b6c3-001dd8d70296;Type asfaltmengsel;Europese naamgeving;Soortnaam dat Europees is bepaald op basis van een set kenmerken. (Bron: Provincie Zuid-Holland);Vereist;Verplicht;Waardelijst;;56376dfd-98ee-ef11-b6c4-001dd8d70296;TypeAsfaltmengsel;32fd540f-99ee-ef11-b6c4-001dd8d70296;SMA 11;Steenslagmastiekasfalt met een nominale maximale korrelgrootte van 11 mm, gekenmerkt door hoge stabiliteit en weerstand tegen spoorvorming. (Bron: Provincie Zuid-Holland)
8448137f-45a7-ef11-b6c0-001dd8d70296;Asfaltmengsel;;;Heterogeen mengsel bestaande uit mineraal aggregaat (zoals steenslag, zand en vulstof) en bitumen. (Bron: Afgeleid uit IMBOR);Fysieke asset;Geen geometrie;73ff6bf2-24d3-ef11-b6c3-001dd8d70296;Type asfaltmengsel;Europese naamgeving;Soortnaam dat Europees is bepaald op basis van een set kenmerken. (Bron: Provincie Zuid-Holland);Vereist;Verplicht;Waardelijst;;56376dfd-98ee-ef11-b6c4-001dd8d70296;TypeAsfaltmengsel;4c0dbfb3-82ef-ef11-b6c4-001dd8d70296;SMA 5;Steenslagmastiekasfalt met een nominale maximale korrelgrootte van 5 mm, gekenmerkt door hoge stabiliteit en weerstand tegen spoorvorming. (Bron: Provincie Zuid-Holland)
8448137f-45a7-ef11-b6c0-001dd8d70296;Asfaltmengsel;;;Heterogeen mengsel bestaande uit mineraal aggregaat (zoals steenslag, zand en vulstof) en bitumen. (Bron: Afgeleid uit IMBOR);Fysieke asset;Geen geometrie;73ff6bf2-24d3-ef11-b6c3-001dd8d70296;Type asfaltmengsel;Europese naamgeving;Soortnaam dat Europees is bepaald op basis van een set kenmerken. (Bron: Provincie Zuid-Holland);Vereist;Verplicht;Waardelijst;;56376dfd-98ee-ef11-b6c4-001dd8d70296;TypeAsfaltmengsel;b60a4e15-99ee-ef11-b6c4-001dd8d70296;SMA 8;Steenslagmastiekasfalt met een nominale maximale korrelgrootte van 8 mm, gekenmerkt door hoge stabiliteit en weerstand tegen spoorvorming. (Bron: Provincie Zuid-Holland)
8448137f-45a7-ef11-b6c0-001dd8d70296;Asfaltmengsel;;;Heterogeen mengsel bestaande uit mineraal aggregaat (zoals steenslag, zand en vulstof) en bitumen. (Bron: Afgeleid uit IMBOR);Fysieke asset;Geen geometrie;549a19b3-3ed3-ef11-b6c3-001dd8d70296;Type asfaltmolen;;;Vereist;Verplicht;Waardelijst;;ee6edf42-99ee-ef11-b6c4-001dd8d70296;TypeAsfaltmolen;32090d51-99ee-ef11-b6c4-001dd8d70296;Charge;Menginstallatie die asfaltmengsels produceert door de ingrediënten in specifieke hoeveelheden en in afzonderlijke batches (charges) aan te voeren en te mengen. (Bron: Provincie Zuid-Holland)
8448137f-45a7-ef11-b6c0-001dd8d70296;Asfaltmengsel;;;Heterogeen mengsel bestaande uit mineraal aggregaat (zoals steenslag, zand en vulstof) en bitumen. (Bron: Afgeleid uit IMBOR);Fysieke asset;Geen geometrie;549a19b3-3ed3-ef11-b6c3-001dd8d70296;Type asfaltmolen;;;Vereist;Verplicht;Waardelijst;;ee6edf42-99ee-ef11-b6c4-001dd8d70296;TypeAsfaltmolen;fe933a57-99ee-ef11-b6c4-001dd8d70296;Continu;Menginstallatie die asfaltmengsels produceert door de ingrediënten continu, zonder onderbreking, aan te voeren en te mengen. (Bron: Provincie Zuid-Holland
8448137f-45a7-ef11-b6c0-001dd8d70296;Asfaltmengsel;;;Heterogeen mengsel bestaande uit mineraal aggregaat (zoals steenslag, zand en vulstof) en bitumen. (Bron: Afgeleid uit IMBOR);Fysieke asset;Geen geometrie;549a19b3-3ed3-ef11-b6c3-001dd8d70296;Type asfaltmolen;;;Vereist;Verplicht;Waardelijst;;ee6edf42-99ee-ef11-b6c4-001dd8d70296;TypeAsfaltmolen;f2933a57-99ee-ef11-b6c4-001dd8d70296;Double-Barrel;Menginstallatie met twee mengtrommels: een buitenste trommel die het asfaltmengsel verwarmt en een binnenste trommel die de ingrediënten mengt. (Bron: Provincie Zuid-Holland)
8448137f-45a7-ef11-b6c0-001dd8d70296;Asfaltmengsel;;;Heterogeen mengsel bestaande uit mineraal aggregaat (zoals steenslag, zand en vulstof) en bitumen. (Bron: Afgeleid uit IMBOR);Fysieke asset;Geen geometrie;47863680-22d3-ef11-b6c3-001dd8d70296;Type steenslag;;Duidt de naam aan van het type steen (herleidbaar naar de herkomst);Vereist;Verplicht;Waardelijst;;e54b7b6c-99ee-ef11-b6c4-001dd8d70296;TypeSteenslag;f5a27872-99ee-ef11-b6c4-001dd8d70296;Bestone;
8448137f-45a7-ef11-b6c0-001dd8d70296;Asfaltmengsel;;;Heterogeen mengsel bestaande uit mineraal aggregaat (zoals steenslag, zand en vulstof) en bitumen. (Bron: Afgeleid uit IMBOR);Fysieke asset;Geen geometrie;47863680-22d3-ef11-b6c3-001dd8d70296;Type steenslag;;Duidt de naam aan van het type steen (herleidbaar naar de herkomst);Vereist;Verplicht;Waardelijst;;e54b7b6c-99ee-ef11-b6c4-001dd8d70296;TypeSteenslag;a41fa0d7-a1f9-ef11-b6c4-001dd8d70296;Cloburn Red;
8448137f-45a7-ef11-b6c0-001dd8d70296;Asfaltmengsel;;;Heterogeen mengsel bestaande uit mineraal aggregaat (zoals steenslag, zand en vulstof) en bitumen. (Bron: Afgeleid uit IMBOR);Fysieke asset;Geen geometrie;47863680-22d3-ef11-b6c3-001dd8d70296;Type steenslag;;Duidt de naam aan van het type steen (herleidbaar naar de herkomst);Vereist;Verplicht;Waardelijst;;e54b7b6c-99ee-ef11-b6c4-001dd8d70296;TypeSteenslag;06e5c98a-99ee-ef11-b6c4-001dd8d70296;Granodioriet;
8448137f-45a7-ef11-b6c0-001dd8d70296;Asfaltmengsel;;;Heterogeen mengsel bestaande uit mineraal aggregaat (zoals steenslag, zand en vulstof) en bitumen. (Bron: Afgeleid uit IMBOR);Fysieke asset;Geen geometrie;47863680-22d3-ef11-b6c3-001dd8d70296;Type steenslag;;Duidt de naam aan van het type steen (herleidbaar naar de herkomst);Vereist;Verplicht;Waardelijst;;e54b7b6c-99ee-ef11-b6c4-001dd8d70296;TypeSteenslag;11eee996-99ee-ef11-b6c4-001dd8d70296;Grauwacke;
8448137f-45a7-ef11-b6c0-001dd8d70296;Asfaltmengsel;;;Heterogeen mengsel bestaande uit mineraal aggregaat (zoals steenslag, zand en vulstof) en bitumen. (Bron: Afgeleid uit IMBOR);Fysieke asset;Geen geometrie;47863680-22d3-ef11-b6c3-001dd8d70296;Type steenslag;;Duidt de naam aan van het type steen (herleidbaar naar de herkomst);Vereist;Verplicht;Waardelijst;;e54b7b6c-99ee-ef11-b6c4-001dd8d70296;TypeSteenslag;2c528478-99ee-ef11-b6c4-001dd8d70296;Porfier;
8448137f-45a7-ef11-b6c0-001dd8d70296;Asfaltmengsel;;;Heterogeen mengsel bestaande uit mineraal aggregaat (zoals steenslag, zand en vulstof) en bitumen. (Bron: Afgeleid uit IMBOR);Fysieke asset;Geen geometrie;47863680-22d3-ef11-b6c3-001dd8d70296;Type steenslag;;Duidt de naam aan van het type steen (herleidbaar naar de herkomst);Vereist;Verplicht;Waardelijst;;e54b7b6c-99ee-ef11-b6c4-001dd8d70296;TypeSteenslag;cf8816a3-99ee-ef11-b6c4-001dd8d70296;Reflexing White;
8448137f-45a7-ef11-b6c0-001dd8d70296;Asfaltmengsel;;;Heterogeen mengsel bestaande uit mineraal aggregaat (zoals steenslag, zand en vulstof) en bitumen. (Bron: Afgeleid uit IMBOR);Fysieke asset;Geen geometrie;47863680-22d3-ef11-b6c3-001dd8d70296;Type steenslag;;Duidt de naam aan van het type steen (herleidbaar naar de herkomst);Vereist;Verplicht;Waardelijst;;e54b7b6c-99ee-ef11-b6c4-001dd8d70296;TypeSteenslag;18528478-99ee-ef11-b6c4-001dd8d70296;Schots Graniet;
8448137f-45a7-ef11-b6c0-001dd8d70296;Asfaltmengsel;;;Heterogeen mengsel bestaande uit mineraal aggregaat (zoals steenslag, zand en vulstof) en bitumen. (Bron: Afgeleid uit IMBOR);Fysieke asset;Geen geometrie;47863680-22d3-ef11-b6c3-001dd8d70296;Type steenslag;;Duidt de naam aan van het type steen (herleidbaar naar de herkomst);Vereist;Verplicht;Waardelijst;;e54b7b6c-99ee-ef11-b6c4-001dd8d70296;TypeSteenslag;4a320d9d-99ee-ef11-b6c4-001dd8d70296;Tilrood;
8448137f-45a7-ef11-b6c0-001dd8d70296;Asfaltmengsel;;;Heterogeen mengsel bestaande uit mineraal aggregaat (zoals steenslag, zand en vulstof) en bitumen. (Bron: Afgeleid uit IMBOR);Fysieke asset;Geen geometrie;890f8304-24d3-ef11-b6c3-001dd8d70296;Typeonderzoek nummer;Typeonderzoek code;;Vereist;Verplicht;;;;;;;
756d40e9-dfd0-ef11-b6c3-001dd8d70296;Bitumen;;;Viskeus, zwart homogeen mengsel van koolwaterstoffen dat gebruikt wordt als bindmiddel in asfalt. (Bron: Afgeleid uit IMBOR);Fysieke asset;Geen geometrie;051fb6c3-f2f8-ef11-b6c4-001dd8d70296;Aandeel bouwstof;Materie-aandeel;De gerealiseerde verhouding van het bouwstof ten opzichte van de totale massa van het asfaltmengsel. (Bron: Provincie Zuid-Holland);;;Numeriek;Percentage;;;;;
756d40e9-dfd0-ef11-b6c3-001dd8d70296;Bitumen;;;Viskeus, zwart homogeen mengsel van koolwaterstoffen dat gebruikt wordt als bindmiddel in asfalt. (Bron: Afgeleid uit IMBOR);Fysieke asset;Geen geometrie;1a4612b6-8dd1-ef11-b6c3-001dd8d70296;Documentlink (productblad);;;Vereist;Verplicht;;;;;;;
756d40e9-dfd0-ef11-b6c3-001dd8d70296;Bitumen;;;Viskeus, zwart homogeen mengsel van koolwaterstoffen dat gebruikt wordt als bindmiddel in asfalt. (Bron: Afgeleid uit IMBOR);Fysieke asset;Geen geometrie;d0809565-0564-ed11-b698-001dd8d70296;Identificatie;Opleverdossier ID, oplever-ID;Uniek identificatienummer binnen het opleverdossier. Dit mag een eigen (opdrachtnemer) ID zijn. Wanneer geen eigen ID bekend is kan ook de PZH ID structuur gebruikt worden.;;;Gestructureerd;Elk object krijgt een eigen ID binnen het opleverdossier. Dit is een eigen gegenereerd ID of opgebouwd uit één of meerdere letters (conform de voorgeschreven afkorting van het objecttype) en een getal, beginnend bij 0001.;;;;;
756d40e9-dfd0-ef11-b6c3-001dd8d70296;Bitumen;;;Viskeus, zwart homogeen mengsel van koolwaterstoffen dat gebruikt wordt als bindmiddel in asfalt. (Bron: Afgeleid uit IMBOR);Fysieke asset;Geen geometrie;ab127f0b-3202-ef11-b6b2-001dd8d70299;Leverancier;;;Vereist;Verplicht;Vrij veld;;;;;;
756d40e9-dfd0-ef11-b6c3-001dd8d70296;Bitumen;;;Viskeus, zwart homogeen mengsel van koolwaterstoffen dat gebruikt wordt als bindmiddel in asfalt. (Bron: Afgeleid uit IMBOR);Fysieke asset;Geen geometrie;a8db0540-8ed1-ef11-b6c3-001dd8d70296;Penetratie;;De maat voor de zachtheid van bitumen, bepaald bij 25°C, waarbij de diepte wordt gemeten waarmee een naald onder een standaardgewicht en- tijd in het bitumen dringt (Bron: PIM).;Vereist;Verplicht;;;62636d0f-c0d4-ef11-b6c3-001dd8d70296;Penetratie;e56e7d1b-c0d4-ef11-b6c3-001dd8d70296;10/20;Penetratiewaarde tussen 10 en 20 tienden van een millimeter, wat aangeeft aan dat het bitumen zeer hard is. (Bron: Provincie Zuid-Holland)
756d40e9-dfd0-ef11-b6c3-001dd8d70296;Bitumen;;;Viskeus, zwart homogeen mengsel van koolwaterstoffen dat gebruikt wordt als bindmiddel in asfalt. (Bron: Afgeleid uit IMBOR);Fysieke asset;Geen geometrie;a8db0540-8ed1-ef11-b6c3-001dd8d70296;Penetratie;;De maat voor de zachtheid van bitumen, bepaald bij 25°C, waarbij de diepte wordt gemeten waarmee een naald onder een standaardgewicht en- tijd in het bitumen dringt (Bron: PIM).;Vereist;Verplicht;;;62636d0f-c0d4-ef11-b6c3-001dd8d70296;Penetratie;5ed5a028-c0d4-ef11-b6c3-001dd8d70296;160/220;Penetratiewaarde tussen 160 en 220 tienden van een millimeter, wat aangeeft aan dat het bitumen vrij zacht is. (Bron: Provincie Zuid-Holland)
756d40e9-dfd0-ef11-b6c3-001dd8d70296;Bitumen;;;Viskeus, zwart homogeen mengsel van koolwaterstoffen dat gebruikt wordt als bindmiddel in asfalt. (Bron: Afgeleid uit IMBOR);Fysieke asset;Geen geometrie;a8db0540-8ed1-ef11-b6c3-001dd8d70296;Penetratie;;De maat voor de zachtheid van bitumen, bepaald bij 25°C, waarbij de diepte wordt gemeten waarmee een naald onder een standaardgewicht en- tijd in het bitumen dringt (Bron: PIM).;Vereist;Verplicht;;;62636d0f-c0d4-ef11-b6c3-001dd8d70296;Penetratie;1f6f7d1b-c0d4-ef11-b6c3-001dd8d70296;30/45;Penetratiewaarde tussen 30 en 45 tienden van een millimeter, wat aangeeft dat het bitumen vrij hard is. (Bron: Provincie Zuid-Holland)
756d40e9-dfd0-ef11-b6c3-001dd8d70296;Bitumen;;;Viskeus, zwart homogeen mengsel van koolwaterstoffen dat gebruikt wordt als bindmiddel in asfalt. (Bron: Afgeleid uit IMBOR);Fysieke asset;Geen geometrie;a8db0540-8ed1-ef11-b6c3-001dd8d70296;Penetratie;;De maat voor de zachtheid van bitumen, bepaald bij 25°C, waarbij de diepte wordt gemeten waarmee een naald onder een standaardgewicht en- tijd in het bitumen dringt (Bron: PIM).;Vereist;Verplicht;;;62636d0f-c0d4-ef11-b6c3-001dd8d70296;Penetratie;3db59b22-c0d4-ef11-b6c3-001dd8d70296;40/60;Penetratiewaarde tussen 40 en 60 tienden van een millimeter, wat aangeeft dat het bitumen iets harder is. (Bron: Provincie Zuid-Holland)
756d40e9-dfd0-ef11-b6c3-001dd8d70296;Bitumen;;;Viskeus, zwart homogeen mengsel van koolwaterstoffen dat gebruikt wordt als bindmiddel in asfalt. (Bron: Afgeleid uit IMBOR);Fysieke asset;Geen geometrie;a8db0540-8ed1-ef11-b6c3-001dd8d70296;Penetratie;;De maat voor de zachtheid van bitumen, bepaald bij 25°C, waarbij de diepte wordt gemeten waarmee een naald onder een standaardgewicht en- tijd in het bitumen dringt (Bron: PIM).;Vereist;Verplicht;;;62636d0f-c0d4-ef11-b6c3-001dd8d70296;Penetratie;49b59b22-c0d4-ef11-b6c3-001dd8d70296;70/100;Penetratiewaarde tussen tussen 70 en 100 tienden van een millimeter, wat de meest gangbare bereik is. (Bron: Provincie Zuid-Holland)
756d40e9-dfd0-ef11-b6c3-001dd8d70296;Bitumen;;;Viskeus, zwart homogeen mengsel van koolwaterstoffen dat gebruikt wordt als bindmiddel in asfalt. (Bron: Afgeleid uit IMBOR);Fysieke asset;Geen geometrie;f0ed9774-c811-ef11-b6b3-001dd8d70299;Productnaam;Model, Merk, Handelsnaam, Fabricaat;Type-aanduiding van de fabrikant of leverancier. (Bron: Afgeleid uit GWSW);Vereist;Verplicht;Vrij veld;;;;;;
756d40e9-dfd0-ef11-b6c3-001dd8d70296;Bitumen;;;Viskeus, zwart homogeen mengsel van koolwaterstoffen dat gebruikt wordt als bindmiddel in asfalt. (Bron: Afgeleid uit IMBOR);Fysieke asset;Geen geometrie;02362d0a-8ed1-ef11-b6c3-001dd8d70296;Type bitumen;;;Vereist;Verplicht;;;a7092061-b0ee-ef11-b6c4-001dd8d70296;TypeBitumen;91941767-b0ee-ef11-b6c4-001dd8d70296;EVA-gemodificeerd;Bitumen met toevoeging van ethyleen-vinylacetaat (EVA) polymeren om de prestaties te verbeteren, zoals verhoogde elasticiteit, betere hechting aan aggregaten en verbeterde weerstand tegen temperatuurvariaties en veroudering. (Bron: Provincie Zuid-Holland)
756d40e9-dfd0-ef11-b6c3-001dd8d70296;Bitumen;;;Viskeus, zwart homogeen mengsel van koolwaterstoffen dat gebruikt wordt als bindmiddel in asfalt. (Bron: Afgeleid uit IMBOR);Fysieke asset;Geen geometrie;02362d0a-8ed1-ef11-b6c3-001dd8d70296;Type bitumen;;;Vereist;Verplicht;;;a7092061-b0ee-ef11-b6c4-001dd8d70296;TypeBitumen;0162156d-b0ee-ef11-b6c4-001dd8d70296;Ongemodificeerd;Bitumen, rechtstreeks afkomstig uit aardolieraffinage, zonder toevoeging van polymeren om de prestaties te verbeteren. (Bron: Provincie Zuid-Holland)
756d40e9-dfd0-ef11-b6c3-001dd8d70296;Bitumen;;;Viskeus, zwart homogeen mengsel van koolwaterstoffen dat gebruikt wordt als bindmiddel in asfalt. (Bron: Afgeleid uit IMBOR);Fysieke asset;Geen geometrie;02362d0a-8ed1-ef11-b6c3-001dd8d70296;Type bitumen;;;Vereist;Verplicht;;;a7092061-b0ee-ef11-b6c4-001dd8d70296;TypeBitumen;8f61156d-b0ee-ef11-b6c4-001dd8d70296;SBS-gemodificeerd;Bitumen met toevoeging van styreen-butadieen-styreen (SBS) polymeren om de prestaties te verbeteren, zoals verhoogde elasticiteit, betere hechting aan aggregaten en verbeterde weerstand tegen temperatuurvariaties en veroudering. (Bron: Provincie Zuid-Holland)
70811379-45a7-ef11-b6c0-001dd8d70296;Constructielaag;;Verhardinglaag;Laagopbouw onder begroeiing of verharding. (Bron: IMBOR);Fysieke asset;Vlak;f305e893-a0b8-ef11-b6c2-001dd8d70296;Begin garantieperiode;;Datum waarin de garantieperiode van het opgeleverde beheerobject begint. (Bron: Afgeleid uit IMBOR);Vereist;Verplicht;Datum;;;;;;
70811379-45a7-ef11-b6c0-001dd8d70296;Constructielaag;;Verhardinglaag;Laagopbouw onder begroeiing of verharding. (Bron: IMBOR);Fysieke asset;Vlak;14f154a1-0564-ed11-b698-001dd8d70296;Einde garantieperiode;Garantiedatum;Datum waarin de garantieperiode van het opgeleverde beheerobject eindigt. (Bron: IMBOR);Vereist;Verplicht;Datum;;;;;;
70811379-45a7-ef11-b6c0-001dd8d70296;Constructielaag;;Verhardinglaag;Laagopbouw onder begroeiing of verharding. (Bron: IMBOR);Fysieke asset;Vlak;e56d5027-9fb8-ef11-b6c2-001dd8d70296;Gewicht (ton);;Gewicht van het beheerobject. (Bron: IMBOR);Vereist;Verplicht;;;;;;;
70811379-45a7-ef11-b6c0-001dd8d70296;Constructielaag;;Verhardinglaag;Laagopbouw onder begroeiing of verharding. (Bron: IMBOR);Fysieke asset;Vlak;d0809565-0564-ed11-b698-001dd8d70296;Identificatie;Opleverdossier ID, oplever-ID;Uniek identificatienummer binnen het opleverdossier. Dit mag een eigen (opdrachtnemer) ID zijn. Wanneer geen eigen ID bekend is kan ook de PZH ID structuur gebruikt worden.;;;Gestructureerd;Elk object krijgt een eigen ID binnen het opleverdossier. Dit is een eigen gegenereerd ID of opgebouwd uit één of meerdere letters (conform de voorgeschreven afkorting van het objecttype) en een getal, beginnend bij 0001.;;;;;
70811379-45a7-ef11-b6c0-001dd8d70296;Constructielaag;;Verhardinglaag;Laagopbouw onder begroeiing of verharding. (Bron: IMBOR);Fysieke asset;Vlak;52f4926b-0564-ed11-b698-001dd8d70296;Oppervlakte;;Oppervlakte van het beheerobject. (Bron: IMBOR);Vereist;Verplicht;;;;;;;
70811379-45a7-ef11-b6c0-001dd8d70296;Constructielaag;;Verhardinglaag;Laagopbouw onder begroeiing of verharding. (Bron: IMBOR);Fysieke asset;Vlak;0a819565-0564-ed11-b698-001dd8d70296;Plaatsingsdatum;Aanlegdatum;;Vereist;Verplicht;Datum;;;;;;
70811379-45a7-ef11-b6c0-001dd8d70296;Constructielaag;;Verhardinglaag;Laagopbouw onder begroeiing of verharding. (Bron: IMBOR);Fysieke asset;Vlak;70514ec5-9bb8-ef11-b6c2-001dd8d70296;Type asfaltverharding;;Typering van de wegconstructielaag. (Bron: Afgeleid uit IMBOR);Vereist;Verplicht;;;2d597d6c-dbd3-ef11-b6c3-001dd8d70296;TypeAsfaltverharding;7a1a997e-dbd3-ef11-b6c3-001dd8d70296;Deklaag (dicht);Bovenste, dichte laag asfalt van een weg waar het verkeer overheen rijdt. (Bron: NEN 2767-4)
70811379-45a7-ef11-b6c0-001dd8d70296;Constructielaag;;Verhardinglaag;Laagopbouw onder begroeiing of verharding. (Bron: IMBOR);Fysieke asset;Vlak;70514ec5-9bb8-ef11-b6c2-001dd8d70296;Type asfaltverharding;;Typering van de wegconstructielaag. (Bron: Afgeleid uit IMBOR);Vereist;Verplicht;;;2d597d6c-dbd3-ef11-b6c3-001dd8d70296;TypeAsfaltverharding;871a997e-dbd3-ef11-b6c3-001dd8d70296;Deklaag (open);Bovenste, open of poreuze laag asfalt van een weg waar het verkeer overheen rijdt. (Bron: NEN 2767-4)
70811379-45a7-ef11-b6c0-001dd8d70296;Constructielaag;;Verhardinglaag;Laagopbouw onder begroeiing of verharding. (Bron: IMBOR);Fysieke asset;Vlak;70514ec5-9bb8-ef11-b6c2-001dd8d70296;Type asfaltverharding;;Typering van de wegconstructielaag. (Bron: Afgeleid uit IMBOR);Vereist;Verplicht;;;2d597d6c-dbd3-ef11-b6c3-001dd8d70296;TypeAsfaltverharding;f3b29bcc-dbd3-ef11-b6c3-001dd8d70296;Onderlaag;Laag asfaltbeton in de verharding van een asfaltweg, die direct is aangebracht op de onderbouw (weg) of op de fundering (weg). (Bron: NEN 2767-4)
70811379-45a7-ef11-b6c0-001dd8d70296;Constructielaag;;Verhardinglaag;Laagopbouw onder begroeiing of verharding. (Bron: IMBOR);Fysieke asset;Vlak;70514ec5-9bb8-ef11-b6c2-001dd8d70296;Type asfaltverharding;;Typering van de wegconstructielaag. (Bron: Afgeleid uit IMBOR);Vereist;Verplicht;;;2d597d6c-dbd3-ef11-b6c3-001dd8d70296;TypeAsfaltverharding;ea3f1de6-dbd3-ef11-b6c3-001dd8d70296;Toplaag;De buitenste verdedigingslaag die bescherming biedt tegen allerlei invloeden. (Bron: NEN 2767-4)
70811379-45a7-ef11-b6c0-001dd8d70296;Constructielaag;;Verhardinglaag;Laagopbouw onder begroeiing of verharding. (Bron: IMBOR);Fysieke asset;Vlak;70514ec5-9bb8-ef11-b6c2-001dd8d70296;Type asfaltverharding;;Typering van de wegconstructielaag. (Bron: Afgeleid uit IMBOR);Vereist;Verplicht;;;2d597d6c-dbd3-ef11-b6c3-001dd8d70296;TypeAsfaltverharding;a90913d4-dbd3-ef11-b6c3-001dd8d70296;Tussenlaag;Laag aangebracht tussen twee andere lagen met een verschillende samenstelling voor het vergroten van de sterkte van een wegconstructie door de krachten geleidelijk over te brengen, waarbij de samenstelling van een tussenlaag per wegconstructie kan verschillen. (Bron: NEN 2767-4)
2fae1673-45a7-ef11-b6c0-001dd8d70296;Verharding;;Verhardingsobject;Oppervlak, dat door egaliseren, verstevigen en/of verruwen voor het beoogde gebruik geschikt gemaakt is, bestaande uit in één of meer lagen over een ondergrond of onderliggende constructie aangelegd materiaal. (Bron: IMBOR);Fysieke asset;Geen geometrie;8fed54a1-0564-ed11-b698-001dd8d70296;Aanlegdatum;;;Vereist;Verplicht;Datum;;;;;;
2fae1673-45a7-ef11-b6c0-001dd8d70296;Verharding;;Verhardingsobject;Oppervlak, dat door egaliseren, verstevigen en/of verruwen voor het beoogde gebruik geschikt gemaakt is, bestaande uit in één of meer lagen over een ondergrond of onderliggende constructie aangelegd materiaal. (Bron: IMBOR);Fysieke asset;Geen geometrie;d0809565-0564-ed11-b698-001dd8d70296;Identificatie;Opleverdossier ID, oplever-ID;Uniek identificatienummer binnen het opleverdossier. Dit mag een eigen (opdrachtnemer) ID zijn. Wanneer geen eigen ID bekend is kan ook de PZH ID structuur gebruikt worden.;;;Gestructureerd;Elk object krijgt een eigen ID binnen het opleverdossier. Dit is een eigen gegenereerd ID of opgebouwd uit één of meerdere letters (conform de voorgeschreven afkorting van het objecttype) en een getal, beginnend bij 0001.;;;;;
